,starting_year,tuition_and_fees,old_index,month_count,tuition_monthly,true_month,true_year,month_year,DATE,FEDMINNFRWG,monthly_hours,hours_in_last_48_months
0,1963,243.33584469999997,0,1,20.27798705833333,6.0,1963.0,6_1963,6/1/63,1.15,17.63303222463768,
1,1963,243.33584469999997,0,2,20.27798705833333,7.0,1963.0,7_1963,7/1/63,1.15,17.63303222463768,
2,1963,243.33584469999997,0,3,20.27798705833333,8.0,1963.0,8_1963,8/1/63,1.15,17.63303222463768,
3,1963,243.33584469999997,0,4,20.27798705833333,9.0,1963.0,9_1963,9/1/63,1.25,16.222389646666663,
4,1963,243.33584469999997,0,5,20.27798705833333,10.0,1963.0,10_1963,10/1/63,1.25,16.222389646666663,
5,1963,243.33584469999997,0,6,20.27798705833333,11.0,1963.0,11_1963,11/1/63,1.25,16.222389646666663,
6,1963,243.33584469999997,0,7,20.27798705833333,12.0,1963.0,12_1963,12/1/63,1.25,16.222389646666663,
7,1963,243.33584469999997,0,8,20.27798705833333,1.0,1964.0,1_1964,1/1/64,1.25,16.222389646666663,
8,1963,243.33584469999997,0,9,20.27798705833333,2.0,1964.0,2_1964,2/1/64,1.25,16.222389646666663,
9,1963,243.33584469999997,0,10,20.27798705833333,3.0,1964.0,3_1964,3/1/64,1.25,16.222389646666663,
10,1963,243.33584469999997,0,11,20.27798705833333,4.0,1964.0,4_1964,4/1/64,1.25,16.222389646666663,
11,1963,243.33584469999997,0,12,20.27798705833333,5.0,1964.0,5_1964,5/1/64,1.25,16.222389646666663,
12,1964,255.7704926,1,1,21.31420771666667,6.0,1964.0,6_1964,6/1/64,1.25,17.051366173333335,
13,1964,255.7704926,1,2,21.31420771666667,7.0,1964.0,7_1964,7/1/64,1.25,17.051366173333335,
14,1964,255.7704926,1,3,21.31420771666667,8.0,1964.0,8_1964,8/1/64,1.25,17.051366173333335,
15,1964,255.7704926,1,4,21.31420771666667,9.0,1964.0,9_1964,9/1/64,1.25,17.051366173333335,
16,1964,255.7704926,1,5,21.31420771666667,10.0,1964.0,10_1964,10/1/64,1.25,17.051366173333335,
17,1964,255.7704926,1,6,21.31420771666667,11.0,1964.0,11_1964,11/1/64,1.25,17.051366173333335,
18,1964,255.7704926,1,7,21.31420771666667,12.0,1964.0,12_1964,12/1/64,1.25,17.051366173333335,
19,1964,255.7704926,1,8,21.31420771666667,1.0,1965.0,1_1965,1/1/65,1.25,17.051366173333335,
20,1964,255.7704926,1,9,21.31420771666667,2.0,1965.0,2_1965,2/1/65,1.25,17.051366173333335,
21,1964,255.7704926,1,10,21.31420771666667,3.0,1965.0,3_1965,3/1/65,1.25,17.051366173333335,
22,1964,255.7704926,1,11,21.31420771666667,4.0,1965.0,4_1965,4/1/65,1.25,17.051366173333335,
23,1964,255.7704926,1,12,21.31420771666667,5.0,1965.0,5_1965,5/1/65,1.25,17.051366173333335,
24,1965,277.9224643,2,1,23.160205358333332,6.0,1965.0,6_1965,6/1/65,1.25,18.528164286666666,
25,1965,277.9224643,2,2,23.160205358333332,7.0,1965.0,7_1965,7/1/65,1.25,18.528164286666666,
26,1965,277.9224643,2,3,23.160205358333332,8.0,1965.0,8_1965,8/1/65,1.25,18.528164286666666,
27,1965,277.9224643,2,4,23.160205358333332,9.0,1965.0,9_1965,9/1/65,1.25,18.528164286666666,
28,1965,277.9224643,2,5,23.160205358333332,10.0,1965.0,10_1965,10/1/65,1.25,18.528164286666666,
29,1965,277.9224643,2,6,23.160205358333332,11.0,1965.0,11_1965,11/1/65,1.25,18.528164286666666,
30,1965,277.9224643,2,7,23.160205358333332,12.0,1965.0,12_1965,12/1/65,1.25,18.528164286666666,
31,1965,277.9224643,2,8,23.160205358333332,1.0,1966.0,1_1966,1/1/66,1.25,18.528164286666666,
32,1965,277.9224643,2,9,23.160205358333332,2.0,1966.0,2_1966,2/1/66,1.25,18.528164286666666,
33,1965,277.9224643,2,10,23.160205358333332,3.0,1966.0,3_1966,3/1/66,1.25,18.528164286666666,
34,1965,277.9224643,2,11,23.160205358333332,4.0,1966.0,4_1966,4/1/66,1.25,18.528164286666666,
35,1965,277.9224643,2,12,23.160205358333332,5.0,1966.0,5_1966,5/1/66,1.25,18.528164286666666,
36,1966,302.36242910000004,3,1,25.19686909166667,6.0,1966.0,6_1966,6/1/66,1.25,20.157495273333335,
37,1966,302.36242910000004,3,2,25.19686909166667,7.0,1966.0,7_1966,7/1/66,1.25,20.157495273333335,
38,1966,302.36242910000004,3,3,25.19686909166667,8.0,1966.0,8_1966,8/1/66,1.25,20.157495273333335,
39,1966,302.36242910000004,3,4,25.19686909166667,9.0,1966.0,9_1966,9/1/66,1.25,20.157495273333335,
40,1966,302.36242910000004,3,5,25.19686909166667,10.0,1966.0,10_1966,10/1/66,1.25,20.157495273333335,
41,1966,302.36242910000004,3,6,25.19686909166667,11.0,1966.0,11_1966,11/1/66,1.25,20.157495273333335,
42,1966,302.36242910000004,3,7,25.19686909166667,12.0,1966.0,12_1966,12/1/66,1.25,20.157495273333335,
43,1966,302.36242910000004,3,8,25.19686909166667,1.0,1967.0,1_1967,1/1/67,1.25,20.157495273333335,
44,1966,302.36242910000004,3,9,25.19686909166667,2.0,1967.0,2_1967,2/1/67,1.4,17.997763636904764,
45,1966,302.36242910000004,3,10,25.19686909166667,3.0,1967.0,3_1967,3/1/67,1.4,17.997763636904764,
46,1966,302.36242910000004,3,11,25.19686909166667,4.0,1967.0,4_1967,4/1/67,1.4,17.997763636904764,
47,1966,302.36242910000004,3,12,25.19686909166667,5.0,1967.0,5_1967,5/1/67,1.4,17.997763636904764,859.1059857481988
48,1967,310.0744361,4,1,25.83953634166667,6.0,1967.0,6_1967,6/1/67,1.4,18.45681167261905,859.9297651961803
49,1967,310.0744361,4,2,25.83953634166667,7.0,1967.0,7_1967,7/1/67,1.4,18.45681167261905,860.7535446441617
50,1967,310.0744361,4,3,25.83953634166667,8.0,1967.0,8_1967,8/1/67,1.4,18.45681167261905,861.5773240921432
51,1967,310.0744361,4,4,25.83953634166667,9.0,1967.0,9_1967,9/1/67,1.4,18.45681167261905,863.8117461180956
52,1967,310.0744361,4,5,25.83953634166667,10.0,1967.0,10_1967,10/1/67,1.4,18.45681167261905,866.046168144048
53,1967,310.0744361,4,6,25.83953634166667,11.0,1967.0,11_1967,11/1/67,1.4,18.45681167261905,868.2805901700004
54,1967,310.0744361,4,7,25.83953634166667,12.0,1967.0,12_1967,12/1/67,1.4,18.45681167261905,870.5150121959529
55,1967,310.0744361,4,8,25.83953634166667,1.0,1968.0,1_1968,1/1/68,1.4,18.45681167261905,872.7494342219053
56,1967,310.0744361,4,9,25.83953634166667,2.0,1968.0,2_1968,2/1/68,1.6,16.149710213541667,872.6767547887803
57,1967,310.0744361,4,10,25.83953634166667,3.0,1968.0,3_1968,3/1/68,1.6,16.149710213541667,872.6040753556553
58,1967,310.0744361,4,11,25.83953634166667,4.0,1968.0,4_1968,4/1/68,1.6,16.149710213541667,872.5313959225302
59,1967,310.0744361,4,12,25.83953634166667,5.0,1968.0,5_1968,5/1/68,1.6,16.149710213541667,872.4587164894052
60,1968,321.002362,5,1,26.750196833333334,6.0,1968.0,6_1968,6/1/68,1.6,16.718873020833332,872.1262233369052
61,1968,321.002362,5,2,26.750196833333334,7.0,1968.0,7_1968,7/1/68,1.6,16.718873020833332,871.7937301844053
62,1968,321.002362,5,3,26.750196833333334,8.0,1968.0,8_1968,8/1/68,1.6,16.718873020833332,871.4612370319053
63,1968,321.002362,5,4,26.750196833333334,9.0,1968.0,9_1968,9/1/68,1.6,16.718873020833332,871.1287438794053
64,1968,321.002362,5,5,26.750196833333334,10.0,1968.0,10_1968,10/1/68,1.6,16.718873020833332,870.7962507269053
65,1968,321.002362,5,6,26.750196833333334,11.0,1968.0,11_1968,11/1/68,1.6,16.718873020833332,870.4637575744053
66,1968,321.002362,5,7,26.750196833333334,12.0,1968.0,12_1968,12/1/68,1.6,16.718873020833332,870.1312644219054
67,1968,321.002362,5,8,26.750196833333334,1.0,1969.0,1_1969,1/1/69,1.6,16.718873020833332,869.7987712694054
68,1968,321.002362,5,9,26.750196833333334,2.0,1969.0,2_1969,2/1/69,1.6,16.718873020833332,869.4662781169054
69,1968,321.002362,5,10,26.750196833333334,3.0,1969.0,3_1969,3/1/69,1.6,16.718873020833332,869.1337849644054
70,1968,321.002362,5,11,26.750196833333334,4.0,1969.0,4_1969,4/1/69,1.6,16.718873020833332,868.8012918119055
71,1968,321.002362,5,12,26.750196833333334,5.0,1969.0,5_1969,5/1/69,1.6,16.718873020833332,868.4687986594055
72,1969,358.3548315,6,1,29.862902625,6.0,1969.0,6_1969,6/1/69,1.6,18.664314140625,868.6049485133639
73,1969,358.3548315,6,2,29.862902625,7.0,1969.0,7_1969,7/1/69,1.6,18.664314140625,868.7410983673223
74,1969,358.3548315,6,3,29.862902625,8.0,1969.0,8_1969,8/1/69,1.6,18.664314140625,868.8772482212806
75,1969,358.3548315,6,4,29.862902625,9.0,1969.0,9_1969,9/1/69,1.6,18.664314140625,869.013398075239
76,1969,358.3548315,6,5,29.862902625,10.0,1969.0,10_1969,10/1/69,1.6,18.664314140625,869.1495479291974
77,1969,358.3548315,6,6,29.862902625,11.0,1969.0,11_1969,11/1/69,1.6,18.664314140625,869.2856977831558
78,1969,358.3548315,6,7,29.862902625,12.0,1969.0,12_1969,12/1/69,1.6,18.664314140625,869.4218476371142
79,1969,358.3548315,6,8,29.862902625,1.0,1970.0,1_1970,1/1/70,1.6,18.664314140625,869.5579974910726
80,1969,358.3548315,6,9,29.862902625,2.0,1970.0,2_1970,2/1/70,1.6,18.664314140625,869.694147345031
81,1969,358.3548315,6,10,29.862902625,3.0,1970.0,3_1970,3/1/70,1.6,18.664314140625,869.8302971989893
82,1969,358.3548315,6,11,29.862902625,4.0,1970.0,4_1970,4/1/70,1.6,18.664314140625,869.9664470529477
83,1969,358.3548315,6,12,29.862902625,5.0,1970.0,5_1970,5/1/70,1.6,18.664314140625,870.1025969069061
84,1970,393.6885582,7,1,32.80737985,6.0,1970.0,6_1970,6/1/70,1.6,20.504612406249997,870.4497140398228
85,1970,393.6885582,7,2,32.80737985,7.0,1970.0,7_1970,7/1/70,1.6,20.504612406249997,870.7968311727394
86,1970,393.6885582,7,3,32.80737985,8.0,1970.0,8_1970,8/1/70,1.6,20.504612406249997,871.1439483056561
87,1970,393.6885582,7,4,32.80737985,9.0,1970.0,9_1970,9/1/70,1.6,20.504612406249997,871.4910654385727
88,1970,393.6885582,7,5,32.80737985,10.0,1970.0,10_1970,10/1/70,1.6,20.504612406249997,871.8381825714894
89,1970,393.6885582,7,6,32.80737985,11.0,1970.0,11_1970,11/1/70,1.6,20.504612406249997,872.185299704406
90,1970,393.6885582,7,7,32.80737985,12.0,1970.0,12_1970,12/1/70,1.6,20.504612406249997,872.5324168373227
91,1970,393.6885582,7,8,32.80737985,1.0,1971.0,1_1971,1/1/71,1.6,20.504612406249997,872.8795339702393
92,1970,393.6885582,7,9,32.80737985,2.0,1971.0,2_1971,2/1/71,1.6,20.504612406249997,875.3863827395845
93,1970,393.6885582,7,10,32.80737985,3.0,1971.0,3_1971,3/1/71,1.6,20.504612406249997,877.8932315089297
94,1970,393.6885582,7,11,32.80737985,4.0,1971.0,4_1971,4/1/71,1.6,20.504612406249997,880.4000802782749
95,1970,393.6885582,7,12,32.80737985,5.0,1971.0,5_1971,5/1/71,1.6,20.504612406249997,882.9069290476201
96,1971,427.76161680000007,8,1,35.64680140000001,6.0,1971.0,6_1971,6/1/71,1.6,22.279250875000002,886.729368250001
97,1971,427.76161680000007,8,2,35.64680140000001,7.0,1971.0,7_1971,7/1/71,1.6,22.279250875000002,890.5518074523819
98,1971,427.76161680000007,8,3,35.64680140000001,8.0,1971.0,8_1971,8/1/71,1.6,22.279250875000002,894.3742466547628
99,1971,427.76161680000007,8,4,35.64680140000001,9.0,1971.0,9_1971,9/1/71,1.6,22.279250875000002,898.1966858571437
100,1971,427.76161680000007,8,5,35.64680140000001,10.0,1971.0,10_1971,10/1/71,1.6,22.279250875000002,902.0191250595246
101,1971,427.76161680000007,8,6,35.64680140000001,11.0,1971.0,11_1971,11/1/71,1.6,22.279250875000002,905.8415642619055
102,1971,427.76161680000007,8,7,35.64680140000001,12.0,1971.0,12_1971,12/1/71,1.6,22.279250875000002,909.6640034642865
103,1971,427.76161680000007,8,8,35.64680140000001,1.0,1972.0,1_1972,1/1/72,1.6,22.279250875000002,913.4864426666674
104,1971,427.76161680000007,8,9,35.64680140000001,2.0,1972.0,2_1972,2/1/72,1.6,22.279250875000002,919.6159833281257
105,1971,427.76161680000007,8,10,35.64680140000001,3.0,1972.0,3_1972,3/1/72,1.6,22.279250875000002,925.7455239895841
106,1971,427.76161680000007,8,11,35.64680140000001,4.0,1972.0,4_1972,4/1/72,1.6,22.279250875000002,931.8750646510424
107,1971,427.76161680000007,8,12,35.64680140000001,5.0,1972.0,5_1972,5/1/72,1.6,22.279250875000002,938.0046053125008
108,1972,502.6300446,9,1,41.88583705,6.0,1972.0,6_1972,6/1/72,1.6,26.17864815625,947.4643804479174
109,1972,502.6300446,9,2,41.88583705,7.0,1972.0,7_1972,7/1/72,1.6,26.17864815625,956.924155583334
110,1972,502.6300446,9,3,41.88583705,8.0,1972.0,8_1972,8/1/72,1.6,26.17864815625,966.3839307187507
111,1972,502.6300446,9,4,41.88583705,9.0,1972.0,9_1972,9/1/72,1.6,26.17864815625,975.8437058541673
112,1972,502.6300446,9,5,41.88583705,10.0,1972.0,10_1972,10/1/72,1.6,26.17864815625,985.3034809895839
113,1972,502.6300446,9,6,41.88583705,11.0,1972.0,11_1972,11/1/72,1.6,26.17864815625,994.7632561250006
114,1972,502.6300446,9,7,41.88583705,12.0,1972.0,12_1972,12/1/72,1.6,26.17864815625,1004.2230312604172
115,1972,502.6300446,9,8,41.88583705,1.0,1973.0,1_1973,1/1/73,1.6,26.17864815625,1013.6828063958337
116,1972,502.6300446,9,9,41.88583705,2.0,1973.0,2_1973,2/1/73,1.6,26.17864815625,1023.1425815312502
117,1972,502.6300446,9,10,41.88583705,3.0,1973.0,3_1973,3/1/73,1.6,26.17864815625,1032.6023566666668
118,1972,502.6300446,9,11,41.88583705,4.0,1973.0,4_1973,4/1/73,1.6,26.17864815625,1042.0621318020833
119,1972,502.6300446,9,12,41.88583705,5.0,1973.0,5_1973,5/1/73,1.6,26.17864815625,1051.5219069374998
120,1973,513.5768557,10,1,42.798071308333334,6.0,1973.0,6_1973,6/1/73,1.6,26.748794567708334,1059.606387364583
121,1973,513.5768557,10,2,42.798071308333334,7.0,1973.0,7_1973,7/1/73,1.6,26.748794567708334,1067.6908677916663
122,1973,513.5768557,10,3,42.798071308333334,8.0,1973.0,8_1973,8/1/73,1.6,26.748794567708334,1075.7753482187495
123,1973,513.5768557,10,4,42.798071308333334,9.0,1973.0,9_1973,9/1/73,1.6,26.748794567708334,1083.8598286458327
124,1973,513.5768557,10,5,42.798071308333334,10.0,1973.0,10_1973,10/1/73,1.6,26.748794567708334,1091.944309072916
125,1973,513.5768557,10,6,42.798071308333334,11.0,1973.0,11_1973,11/1/73,1.6,26.748794567708334,1100.0287894999992
126,1973,513.5768557,10,7,42.798071308333334,12.0,1973.0,12_1973,12/1/73,1.6,26.748794567708334,1108.1132699270825
127,1973,513.5768557,10,8,42.798071308333334,1.0,1974.0,1_1974,1/1/74,1.6,26.748794567708334,1116.1977503541657
128,1973,513.5768557,10,9,42.798071308333334,2.0,1974.0,2_1974,2/1/74,1.6,26.748794567708334,1124.282230781249
129,1973,513.5768557,10,10,42.798071308333334,3.0,1974.0,3_1974,3/1/74,1.6,26.748794567708334,1132.3667112083322
130,1973,513.5768557,10,11,42.798071308333334,4.0,1974.0,4_1974,4/1/74,1.6,26.748794567708334,1140.4511916354154
131,1973,513.5768557,10,12,42.798071308333334,5.0,1974.0,5_1974,5/1/74,2.0,21.399035654166667,1143.185913148957
132,1974,512.4164446000001,11,1,42.70137038333334,6.0,1974.0,6_1974,6/1/74,2.0,21.35068519166667,1144.0319859343736
133,1974,512.4164446000001,11,2,42.70137038333334,7.0,1974.0,7_1974,7/1/74,2.0,21.35068519166667,1144.87805871979
134,1974,512.4164446000001,11,3,42.70137038333334,8.0,1974.0,8_1974,8/1/74,2.0,21.35068519166667,1145.7241315052065
135,1974,512.4164446000001,11,4,42.70137038333334,9.0,1974.0,9_1974,9/1/74,2.0,21.35068519166667,1146.570204290623
136,1974,512.4164446000001,11,5,42.70137038333334,10.0,1974.0,10_1974,10/1/74,2.0,21.35068519166667,1147.4162770760395
137,1974,512.4164446000001,11,6,42.70137038333334,11.0,1974.0,11_1974,11/1/74,2.0,21.35068519166667,1148.262349861456
138,1974,512.4164446000001,11,7,42.70137038333334,12.0,1974.0,12_1974,12/1/74,2.0,21.35068519166667,1149.1084226468724
139,1974,512.4164446000001,11,8,42.70137038333334,1.0,1975.0,1_1975,1/1/75,2.1,20.3339858968254,1148.9377961374478
140,1974,512.4164446000001,11,9,42.70137038333334,2.0,1975.0,2_1975,2/1/75,2.1,20.3339858968254,1148.767169628023
141,1974,512.4164446000001,11,10,42.70137038333334,3.0,1975.0,3_1975,3/1/75,2.1,20.3339858968254,1148.5965431185984
142,1974,512.4164446000001,11,11,42.70137038333334,4.0,1975.0,4_1975,4/1/75,2.1,20.3339858968254,1148.4259166091738
143,1974,512.4164446000001,11,12,42.70137038333334,5.0,1975.0,5_1975,5/1/75,2.1,20.3339858968254,1148.2552900997491
144,1975,542.1454266,12,1,45.17878554999999,6.0,1975.0,6_1975,6/1/75,2.1,21.513707404761902,1147.489746629511
145,1975,542.1454266,12,2,45.17878554999999,7.0,1975.0,7_1975,7/1/75,2.1,21.513707404761902,1146.7242031592727
146,1975,542.1454266,12,3,45.17878554999999,8.0,1975.0,8_1975,8/1/75,2.1,21.513707404761902,1145.9586596890344
147,1975,542.1454266,12,4,45.17878554999999,9.0,1975.0,9_1975,9/1/75,2.1,21.513707404761902,1145.1931162187961
148,1975,542.1454266,12,5,45.17878554999999,10.0,1975.0,10_1975,10/1/75,2.1,21.513707404761902,1144.4275727485578
149,1975,542.1454266,12,6,45.17878554999999,11.0,1975.0,11_1975,11/1/75,2.1,21.513707404761902,1143.6620292783196
150,1975,542.1454266,12,7,45.17878554999999,12.0,1975.0,12_1975,12/1/75,2.1,21.513707404761902,1142.8964858080813
151,1975,542.1454266,12,8,45.17878554999999,1.0,1976.0,1_1976,1/1/76,2.3,19.642950239130432,1140.2601851722115
152,1975,542.1454266,12,9,45.17878554999999,2.0,1976.0,2_1976,2/1/76,2.3,19.642950239130432,1137.6238845363418
153,1975,542.1454266,12,10,45.17878554999999,3.0,1976.0,3_1976,3/1/76,2.3,19.642950239130432,1134.9875839004721
154,1975,542.1454266,12,11,45.17878554999999,4.0,1976.0,4_1976,4/1/76,2.3,19.642950239130432,1132.3512832646024
155,1975,542.1454266,12,12,45.17878554999999,5.0,1976.0,5_1976,5/1/76,2.3,19.642950239130432,1129.7149826287327
156,1976,616.5515374,13,1,51.379294783333336,6.0,1976.0,6_1976,6/1/76,2.3,22.33882381884058,1125.8751582913235
157,1976,616.5515374,13,2,51.379294783333336,7.0,1976.0,7_1976,7/1/76,2.3,22.33882381884058,1122.0353339539142
158,1976,616.5515374,13,3,51.379294783333336,8.0,1976.0,8_1976,8/1/76,2.3,22.33882381884058,1118.195509616505
159,1976,616.5515374,13,4,51.379294783333336,9.0,1976.0,9_1976,9/1/76,2.3,22.33882381884058,1114.3556852790957
160,1976,616.5515374,13,5,51.379294783333336,10.0,1976.0,10_1976,10/1/76,2.3,22.33882381884058,1110.5158609416865
161,1976,616.5515374,13,6,51.379294783333336,11.0,1976.0,11_1976,11/1/76,2.3,22.33882381884058,1106.6760366042772
162,1976,616.5515374,13,7,51.379294783333336,12.0,1976.0,12_1976,12/1/76,2.3,22.33882381884058,1102.836212266868
163,1976,616.5515374,13,8,51.379294783333336,1.0,1977.0,1_1977,1/1/77,2.3,22.33882381884058,1098.9963879294587
164,1976,616.5515374,13,9,51.379294783333336,2.0,1977.0,2_1977,2/1/77,2.3,22.33882381884058,1095.1565635920495
165,1976,616.5515374,13,10,51.379294783333336,3.0,1977.0,3_1977,3/1/77,2.3,22.33882381884058,1091.3167392546402
166,1976,616.5515374,13,11,51.379294783333336,4.0,1977.0,4_1977,4/1/77,2.3,22.33882381884058,1087.476914917231
167,1976,616.5515374,13,12,51.379294783333336,5.0,1977.0,5_1977,5/1/77,2.3,22.33882381884058,1083.6370905798217
168,1977,654.680963,14,1,54.55674691666667,6.0,1977.0,6_1977,6/1/77,2.3,23.720324746376814,1080.6086207584901
169,1977,654.680963,14,2,54.55674691666667,7.0,1977.0,7_1977,7/1/77,2.3,23.720324746376814,1077.5801509371586
170,1977,654.680963,14,3,54.55674691666667,8.0,1977.0,8_1977,8/1/77,2.3,23.720324746376814,1074.551681115827
171,1977,654.680963,14,4,54.55674691666667,9.0,1977.0,9_1977,9/1/77,2.3,23.720324746376814,1071.5232112944955
172,1977,654.680963,14,5,54.55674691666667,10.0,1977.0,10_1977,10/1/77,2.3,23.720324746376814,1068.494741473164
173,1977,654.680963,14,6,54.55674691666667,11.0,1977.0,11_1977,11/1/77,2.3,23.720324746376814,1065.4662716518324
174,1977,654.680963,14,7,54.55674691666667,12.0,1977.0,12_1977,12/1/77,2.3,23.720324746376814,1062.4378018305008
175,1977,654.680963,14,8,54.55674691666667,1.0,1978.0,1_1978,1/1/78,2.65,20.587451666666666,1056.2764589294593
176,1977,654.680963,14,9,54.55674691666667,2.0,1978.0,2_1978,2/1/78,2.65,20.587451666666666,1050.1151160284178
177,1977,654.680963,14,10,54.55674691666667,3.0,1978.0,3_1978,3/1/78,2.65,20.587451666666666,1043.9537731273763
178,1977,654.680963,14,11,54.55674691666667,4.0,1978.0,4_1978,4/1/78,2.65,20.587451666666666,1037.7924302263348
179,1977,654.680963,14,12,54.55674691666667,5.0,1978.0,5_1978,5/1/78,2.65,20.587451666666666,1036.9808462388348
180,1978,687.6744752000001,15,1,57.30620626666667,6.0,1978.0,6_1978,6/1/78,2.65,21.624983496855346,1037.2551445440236
181,1978,687.6744752000001,15,2,57.30620626666667,7.0,1978.0,7_1978,7/1/78,2.65,21.624983496855346,1037.5294428492123
182,1978,687.6744752000001,15,3,57.30620626666667,8.0,1978.0,8_1978,8/1/78,2.65,21.624983496855346,1037.803741154401
183,1978,687.6744752000001,15,4,57.30620626666667,9.0,1978.0,9_1978,9/1/78,2.65,21.624983496855346,1038.0780394595897
184,1978,687.6744752000001,15,5,57.30620626666667,10.0,1978.0,10_1978,10/1/78,2.65,21.624983496855346,1038.3523377647784
185,1978,687.6744752000001,15,6,57.30620626666667,11.0,1978.0,11_1978,11/1/78,2.65,21.624983496855346,1038.6266360699672
186,1978,687.6744752000001,15,7,57.30620626666667,12.0,1978.0,12_1978,12/1/78,2.65,21.624983496855346,1038.9009343751559
187,1978,687.6744752000001,15,8,57.30620626666667,1.0,1979.0,1_1979,1/1/79,2.9,19.760760781609196,1038.3277092599396
188,1978,687.6744752000001,15,9,57.30620626666667,2.0,1979.0,2_1979,2/1/79,2.9,19.760760781609196,1037.7544841447234
189,1978,687.6744752000001,15,10,57.30620626666667,3.0,1979.0,3_1979,3/1/79,2.9,19.760760781609196,1037.1812590295071
190,1978,687.6744752000001,15,11,57.30620626666667,4.0,1979.0,4_1979,4/1/79,2.9,19.760760781609196,1036.608033914291
191,1978,687.6744752000001,15,12,57.30620626666667,5.0,1979.0,5_1979,5/1/79,2.9,19.760760781609196,1036.0348087990747
192,1979,737.5483508,16,1,61.46236256666666,6.0,1979.0,6_1979,6/1/79,2.9,21.19391812643678,1035.7150195207496
193,1979,737.5483508,16,2,61.46236256666666,7.0,1979.0,7_1979,7/1/79,2.9,21.19391812643678,1035.3952302424245
194,1979,737.5483508,16,3,61.46236256666666,8.0,1979.0,8_1979,8/1/79,2.9,21.19391812643678,1035.0754409640995
195,1979,737.5483508,16,4,61.46236256666666,9.0,1979.0,9_1979,9/1/79,2.9,21.19391812643678,1034.7556516857744
196,1979,737.5483508,16,5,61.46236256666666,10.0,1979.0,10_1979,10/1/79,2.9,21.19391812643678,1034.4358624074493
197,1979,737.5483508,16,6,61.46236256666666,11.0,1979.0,11_1979,11/1/79,2.9,21.19391812643678,1034.1160731291243
198,1979,737.5483508,16,7,61.46236256666666,12.0,1979.0,12_1979,12/1/79,2.9,21.19391812643678,1033.7962838507992
199,1979,737.5483508,16,8,61.46236256666666,1.0,1980.0,1_1980,1/1/80,3.1,19.826568569892473,1033.9799021815613
200,1979,737.5483508,16,9,61.46236256666666,2.0,1980.0,2_1980,2/1/80,3.1,19.826568569892473,1034.1635205123234
201,1979,737.5483508,16,10,61.46236256666666,3.0,1980.0,3_1980,3/1/80,3.1,19.826568569892473,1034.3471388430855
202,1979,737.5483508,16,11,61.46236256666666,4.0,1980.0,4_1980,4/1/80,3.1,19.826568569892473,1034.5307571738476
203,1979,737.5483508,16,12,61.46236256666666,5.0,1980.0,5_1980,5/1/80,3.1,19.826568569892473,1034.7143755046097
204,1980,803.747278,17,1,66.97893983333334,6.0,1980.0,6_1980,6/1/80,3.1,21.606109623655918,1033.981661309425
205,1980,803.747278,17,2,66.97893983333334,7.0,1980.0,7_1980,7/1/80,3.1,21.606109623655918,1033.24894711424
206,1980,803.747278,17,3,66.97893983333334,8.0,1980.0,8_1980,8/1/80,3.1,21.606109623655918,1032.5162329190553
207,1980,803.747278,17,4,66.97893983333334,9.0,1980.0,9_1980,9/1/80,3.1,21.606109623655918,1031.7835187238704
208,1980,803.747278,17,5,66.97893983333334,10.0,1980.0,10_1980,10/1/80,3.1,21.606109623655918,1031.0508045286856
209,1980,803.747278,17,6,66.97893983333334,11.0,1980.0,11_1980,11/1/80,3.1,21.606109623655918,1030.3180903335008
210,1980,803.747278,17,7,66.97893983333334,12.0,1980.0,12_1980,12/1/80,3.1,21.606109623655918,1029.585376138316
211,1980,803.747278,17,8,66.97893983333334,1.0,1981.0,1_1981,1/1/81,3.35,19.99371338308458,1027.2402657025598
212,1980,803.747278,17,9,66.97893983333334,2.0,1981.0,2_1981,2/1/81,3.35,19.99371338308458,1024.8951552668036
213,1980,803.747278,17,10,66.97893983333334,3.0,1981.0,3_1981,3/1/81,3.35,19.99371338308458,1022.5500448310474
214,1980,803.747278,17,11,66.97893983333334,4.0,1981.0,4_1981,4/1/81,3.35,19.99371338308458,1020.2049343952913
215,1980,803.747278,17,12,66.97893983333334,5.0,1981.0,5_1981,5/1/81,3.35,19.99371338308458,1017.8598239595351
216,1981,909.4993544,18,1,75.79161286666667,6.0,1981.0,6_1981,6/1/81,3.35,22.624362049751245,1016.7638612629095
217,1981,909.4993544,18,2,75.79161286666667,7.0,1981.0,7_1981,7/1/81,3.35,22.624362049751245,1015.667898566284
218,1981,909.4993544,18,3,75.79161286666667,8.0,1981.0,8_1981,8/1/81,3.35,22.624362049751245,1014.5719358696584
219,1981,909.4993544,18,4,75.79161286666667,9.0,1981.0,9_1981,9/1/81,3.35,22.624362049751245,1013.4759731730329
220,1981,909.4993544,18,5,75.79161286666667,10.0,1981.0,10_1981,10/1/81,3.35,22.624362049751245,1012.3800104764074
221,1981,909.4993544,18,6,75.79161286666667,11.0,1981.0,11_1981,11/1/81,3.35,22.624362049751245,1011.2840477797819
222,1981,909.4993544,18,7,75.79161286666667,12.0,1981.0,12_1981,12/1/81,3.35,22.624362049751245,1010.1880850831564
223,1981,909.4993544,18,8,75.79161286666667,1.0,1982.0,1_1982,1/1/82,3.35,22.624362049751245,1012.224995466241
224,1981,909.4993544,18,9,75.79161286666667,2.0,1982.0,2_1982,2/1/82,3.35,22.624362049751245,1014.2619058493257
225,1981,909.4993544,18,10,75.79161286666667,3.0,1982.0,3_1982,3/1/82,3.35,22.624362049751245,1016.2988162324103
226,1981,909.4993544,18,11,75.79161286666667,4.0,1982.0,4_1982,4/1/82,3.35,22.624362049751245,1018.335726615495
227,1981,909.4993544,18,12,75.79161286666667,5.0,1982.0,5_1982,5/1/82,3.35,22.624362049751245,1020.3726369985797
228,1982,1031.4331650000001,19,1,85.95276375000002,6.0,1982.0,6_1982,6/1/82,3.35,25.65754141791045,1024.4051949196348
229,1982,1031.4331650000001,19,2,85.95276375000002,7.0,1982.0,7_1982,7/1/82,3.35,25.65754141791045,1028.4377528406899
230,1982,1031.4331650000001,19,3,85.95276375000002,8.0,1982.0,8_1982,8/1/82,3.35,25.65754141791045,1032.470310761745
231,1982,1031.4331650000001,19,4,85.95276375000002,9.0,1982.0,9_1982,9/1/82,3.35,25.65754141791045,1036.5028686828
232,1982,1031.4331650000001,19,5,85.95276375000002,10.0,1982.0,10_1982,10/1/82,3.35,25.65754141791045,1040.535426603855
233,1982,1031.4331650000001,19,6,85.95276375000002,11.0,1982.0,11_1982,11/1/82,3.35,25.65754141791045,1044.5679845249101
234,1982,1031.4331650000001,19,7,85.95276375000002,12.0,1982.0,12_1982,12/1/82,3.35,25.65754141791045,1048.6005424459652
235,1982,1031.4331650000001,19,8,85.95276375000002,1.0,1983.0,1_1983,1/1/83,3.35,25.65754141791045,1054.4973230822663
236,1982,1031.4331650000001,19,9,85.95276375000002,2.0,1983.0,2_1983,2/1/83,3.35,25.65754141791045,1060.3941037185675
237,1982,1031.4331650000001,19,10,85.95276375000002,3.0,1983.0,3_1983,3/1/83,3.35,25.65754141791045,1066.2908843548687
238,1982,1031.4331650000001,19,11,85.95276375000002,4.0,1983.0,4_1983,4/1/83,3.35,25.65754141791045,1072.1876649911699
239,1982,1031.4331650000001,19,12,85.95276375000002,5.0,1983.0,5_1983,5/1/83,3.35,25.65754141791045,1078.084445627471
240,1983,1147.727212,20,1,95.64393433333333,6.0,1983.0,6_1983,6/1/83,3.35,28.550428159203978,1085.4409556602382
241,1983,1147.727212,20,2,95.64393433333333,7.0,1983.0,7_1983,7/1/83,3.35,28.550428159203978,1092.7974656930053
242,1983,1147.727212,20,3,95.64393433333333,8.0,1983.0,8_1983,8/1/83,3.35,28.550428159203978,1100.1539757257724
243,1983,1147.727212,20,4,95.64393433333333,9.0,1983.0,9_1983,9/1/83,3.35,28.550428159203978,1107.5104857585395
244,1983,1147.727212,20,5,95.64393433333333,10.0,1983.0,10_1983,10/1/83,3.35,28.550428159203978,1114.8669957913066
245,1983,1147.727212,20,6,95.64393433333333,11.0,1983.0,11_1983,11/1/83,3.35,28.550428159203978,1122.2235058240738
246,1983,1147.727212,20,7,95.64393433333333,12.0,1983.0,12_1983,12/1/83,3.35,28.550428159203978,1129.5800158568409
247,1983,1147.727212,20,8,95.64393433333333,1.0,1984.0,1_1984,1/1/84,3.35,28.550428159203978,1138.3038754461522
248,1983,1147.727212,20,9,95.64393433333333,2.0,1984.0,2_1984,2/1/84,3.35,28.550428159203978,1147.0277350354636
249,1983,1147.727212,20,10,95.64393433333333,3.0,1984.0,3_1984,3/1/84,3.35,28.550428159203978,1155.751594624775
250,1983,1147.727212,20,11,95.64393433333333,4.0,1984.0,4_1984,4/1/84,3.35,28.550428159203978,1164.4754542140863
251,1983,1147.727212,20,12,95.64393433333333,5.0,1984.0,5_1984,5/1/84,3.35,28.550428159203978,1173.1993138033977
252,1984,1227.881695,21,1,102.32347458333334,6.0,1984.0,6_1984,6/1/84,3.35,30.544320771144278,1182.1375249508862
253,1984,1227.881695,21,2,102.32347458333334,7.0,1984.0,7_1984,7/1/84,3.35,30.544320771144278,1191.0757360983748
254,1984,1227.881695,21,3,102.32347458333334,8.0,1984.0,8_1984,8/1/84,3.35,30.544320771144278,1200.0139472458634
255,1984,1227.881695,21,4,102.32347458333334,9.0,1984.0,9_1984,9/1/84,3.35,30.544320771144278,1208.952158393352
256,1984,1227.881695,21,5,102.32347458333334,10.0,1984.0,10_1984,10/1/84,3.35,30.544320771144278,1217.8903695408405
257,1984,1227.881695,21,6,102.32347458333334,11.0,1984.0,11_1984,11/1/84,3.35,30.544320771144278,1226.828580688329
258,1984,1227.881695,21,7,102.32347458333334,12.0,1984.0,12_1984,12/1/84,3.35,30.544320771144278,1235.7667918358177
259,1984,1227.881695,21,8,102.32347458333334,1.0,1985.0,1_1985,1/1/85,3.35,30.544320771144278,1246.3173992238776
260,1984,1227.881695,21,9,102.32347458333334,2.0,1985.0,2_1985,2/1/85,3.35,30.544320771144278,1256.8680066119375
261,1984,1227.881695,21,10,102.32347458333334,3.0,1985.0,3_1985,3/1/85,3.35,30.544320771144278,1267.4186139999974
262,1984,1227.881695,21,11,102.32347458333334,4.0,1985.0,4_1985,4/1/85,3.35,30.544320771144278,1277.9692213880573
263,1984,1227.881695,21,12,102.32347458333334,5.0,1985.0,5_1985,5/1/85,3.35,30.544320771144278,1288.5198287761173
264,1985,1317.6010529999999,22,1,109.80008774999999,6.0,1985.0,6_1985,6/1/85,3.35,32.776145597014924,1298.671612323381
265,1985,1317.6010529999999,22,2,109.80008774999999,7.0,1985.0,7_1985,7/1/85,3.35,32.776145597014924,1308.8233958706446
266,1985,1317.6010529999999,22,3,109.80008774999999,8.0,1985.0,8_1985,8/1/85,3.35,32.776145597014924,1318.9751794179083
267,1985,1317.6010529999999,22,4,109.80008774999999,9.0,1985.0,9_1985,9/1/85,3.35,32.776145597014924,1329.126962965172
268,1985,1317.6010529999999,22,5,109.80008774999999,10.0,1985.0,10_1985,10/1/85,3.35,32.776145597014924,1339.2787465124356
269,1985,1317.6010529999999,22,6,109.80008774999999,11.0,1985.0,11_1985,11/1/85,3.35,32.776145597014924,1349.4305300596993
270,1985,1317.6010529999999,22,7,109.80008774999999,12.0,1985.0,12_1985,12/1/85,3.35,32.776145597014924,1359.582313606963
271,1985,1317.6010529999999,22,8,109.80008774999999,1.0,1986.0,1_1986,1/1/86,3.35,32.776145597014924,1369.7340971542267
272,1985,1317.6010529999999,22,9,109.80008774999999,2.0,1986.0,2_1986,2/1/86,3.35,32.776145597014924,1379.8858807014904
273,1985,1317.6010529999999,22,10,109.80008774999999,3.0,1986.0,3_1986,3/1/86,3.35,32.776145597014924,1390.037664248754
274,1985,1317.6010529999999,22,11,109.80008774999999,4.0,1986.0,4_1986,4/1/86,3.35,32.776145597014924,1400.1894477960177
275,1985,1317.6010529999999,22,12,109.80008774999999,5.0,1986.0,5_1986,5/1/86,3.35,32.776145597014924,1410.3412313432814
276,1986,1413.6787669999999,23,1,117.80656391666666,6.0,1986.0,6_1986,6/1/86,3.35,35.166138482587066,1419.849828407958
277,1986,1413.6787669999999,23,2,117.80656391666666,7.0,1986.0,7_1986,7/1/86,3.35,35.166138482587066,1429.3584254726347
278,1986,1413.6787669999999,23,3,117.80656391666666,8.0,1986.0,8_1986,8/1/86,3.35,35.166138482587066,1438.8670225373114
279,1986,1413.6787669999999,23,4,117.80656391666666,9.0,1986.0,9_1986,9/1/86,3.35,35.166138482587066,1448.375619601988
280,1986,1413.6787669999999,23,5,117.80656391666666,10.0,1986.0,10_1986,10/1/86,3.35,35.166138482587066,1457.8842166666648
281,1986,1413.6787669999999,23,6,117.80656391666666,11.0,1986.0,11_1986,11/1/86,3.35,35.166138482587066,1467.3928137313414
282,1986,1413.6787669999999,23,7,117.80656391666666,12.0,1986.0,12_1986,12/1/86,3.35,35.166138482587066,1476.9014107960181
283,1986,1413.6787669999999,23,8,117.80656391666666,1.0,1987.0,1_1987,1/1/87,3.35,35.166138482587066,1486.4100078606948
284,1986,1413.6787669999999,23,9,117.80656391666666,2.0,1987.0,2_1987,2/1/87,3.35,35.166138482587066,1495.9186049253715
285,1986,1413.6787669999999,23,10,117.80656391666666,3.0,1987.0,3_1987,3/1/87,3.35,35.166138482587066,1505.4272019900482
286,1986,1413.6787669999999,23,11,117.80656391666666,4.0,1987.0,4_1987,4/1/87,3.35,35.166138482587066,1514.9357990547248
287,1986,1413.6787669999999,23,12,117.80656391666666,5.0,1987.0,5_1987,5/1/87,3.35,35.166138482587066,1524.4443961194015
288,1987,1537.368133,24,1,128.11401108333334,6.0,1987.0,6_1987,6/1/87,3.35,38.24298838308458,1534.1369563432822
289,1987,1537.368133,24,2,128.11401108333334,7.0,1987.0,7_1987,7/1/87,3.35,38.24298838308458,1543.829516567163
290,1987,1537.368133,24,3,128.11401108333334,8.0,1987.0,8_1987,8/1/87,3.35,38.24298838308458,1553.5220767910437
291,1987,1537.368133,24,4,128.11401108333334,9.0,1987.0,9_1987,9/1/87,3.35,38.24298838308458,1563.2146370149244
292,1987,1537.368133,24,5,128.11401108333334,10.0,1987.0,10_1987,10/1/87,3.35,38.24298838308458,1572.907197238805
293,1987,1537.368133,24,6,128.11401108333334,11.0,1987.0,11_1987,11/1/87,3.35,38.24298838308458,1582.5997574626858
294,1987,1537.368133,24,7,128.11401108333334,12.0,1987.0,12_1987,12/1/87,3.35,38.24298838308458,1592.2923176865665
295,1987,1537.368133,24,8,128.11401108333334,1.0,1988.0,1_1988,1/1/88,3.35,38.24298838308458,1601.9848779104473
296,1987,1537.368133,24,9,128.11401108333334,2.0,1988.0,2_1988,2/1/88,3.35,38.24298838308458,1611.677438134328
297,1987,1537.368133,24,10,128.11401108333334,3.0,1988.0,3_1988,3/1/88,3.35,38.24298838308458,1621.3699983582087
298,1987,1537.368133,24,11,128.11401108333334,4.0,1988.0,4_1988,4/1/88,3.35,38.24298838308458,1631.0625585820894
299,1987,1537.368133,24,12,128.11401108333334,5.0,1988.0,5_1988,5/1/88,3.35,38.24298838308458,1640.7551188059701
300,1988,1646.1881019999998,25,1,137.1823418333333,6.0,1988.0,6_1988,6/1/88,3.35,40.949952786069645,1651.1607508208954
301,1988,1646.1881019999998,25,2,137.1823418333333,7.0,1988.0,7_1988,7/1/88,3.35,40.949952786069645,1661.5663828358206
302,1988,1646.1881019999998,25,3,137.1823418333333,8.0,1988.0,8_1988,8/1/88,3.35,40.949952786069645,1671.9720148507458
303,1988,1646.1881019999998,25,4,137.1823418333333,9.0,1988.0,9_1988,9/1/88,3.35,40.949952786069645,1682.377646865671
304,1988,1646.1881019999998,25,5,137.1823418333333,10.0,1988.0,10_1988,10/1/88,3.35,40.949952786069645,1692.7832788805963
305,1988,1646.1881019999998,25,6,137.1823418333333,11.0,1988.0,11_1988,11/1/88,3.35,40.949952786069645,1703.1889108955215
306,1988,1646.1881019999998,25,7,137.1823418333333,12.0,1988.0,12_1988,12/1/88,3.35,40.949952786069645,1713.5945429104468
307,1988,1646.1881019999998,25,8,137.1823418333333,1.0,1989.0,1_1989,1/1/89,3.35,40.949952786069645,1724.000174925372
308,1988,1646.1881019999998,25,9,137.1823418333333,2.0,1989.0,2_1989,2/1/89,3.35,40.949952786069645,1734.4058069402972
309,1988,1646.1881019999998,25,10,137.1823418333333,3.0,1989.0,3_1989,3/1/89,3.35,40.949952786069645,1744.8114389552225
310,1988,1646.1881019999998,25,11,137.1823418333333,4.0,1989.0,4_1989,4/1/89,3.35,40.949952786069645,1755.2170709701477
311,1988,1646.1881019999998,25,12,137.1823418333333,5.0,1989.0,5_1989,5/1/89,3.35,40.949952786069645,1765.622702985073
312,1989,1779.6090329999997,26,1,148.30075275,6.0,1989.0,6_1989,6/1/89,3.35,44.26888141791044,1777.1154388059686
313,1989,1779.6090329999997,26,2,148.30075275,7.0,1989.0,7_1989,7/1/89,3.35,44.26888141791044,1788.6081746268642
314,1989,1779.6090329999997,26,3,148.30075275,8.0,1989.0,8_1989,8/1/89,3.35,44.26888141791044,1800.1009104477598
315,1989,1779.6090329999997,26,4,148.30075275,9.0,1989.0,9_1989,9/1/89,3.35,44.26888141791044,1811.5936462686554
316,1989,1779.6090329999997,26,5,148.30075275,10.0,1989.0,10_1989,10/1/89,3.35,44.26888141791044,1823.086382089551
317,1989,1779.6090329999997,26,6,148.30075275,11.0,1989.0,11_1989,11/1/89,3.35,44.26888141791044,1834.5791179104467
318,1989,1779.6090329999997,26,7,148.30075275,12.0,1989.0,12_1989,12/1/89,3.35,44.26888141791044,1846.0718537313423
319,1989,1779.6090329999997,26,8,148.30075275,1.0,1990.0,1_1990,1/1/90,3.35,44.26888141791044,1857.564589552238
320,1989,1779.6090329999997,26,9,148.30075275,2.0,1990.0,2_1990,2/1/90,3.35,44.26888141791044,1869.0573253731336
321,1989,1779.6090329999997,26,10,148.30075275,3.0,1990.0,3_1990,3/1/90,3.35,44.26888141791044,1880.5500611940292
322,1989,1779.6090329999997,26,11,148.30075275,4.0,1990.0,4_1990,4/1/90,3.8,39.02651388157894,1886.8004294785933
323,1989,1779.6090329999997,26,12,148.30075275,5.0,1990.0,5_1990,5/1/90,3.8,39.02651388157894,1893.0507977631573
324,1990,1888.129113,27,1,157.34409275,6.0,1990.0,6_1990,6/1/90,3.8,41.40634019736842,1899.2909994779388
325,1990,1888.129113,27,2,157.34409275,7.0,1990.0,7_1990,7/1/90,3.8,41.40634019736842,1905.5312011927203
326,1990,1888.129113,27,3,157.34409275,8.0,1990.0,8_1990,8/1/90,3.8,41.40634019736842,1911.7714029075019
327,1990,1888.129113,27,4,157.34409275,9.0,1990.0,9_1990,9/1/90,3.8,41.40634019736842,1918.0116046222834
328,1990,1888.129113,27,5,157.34409275,10.0,1990.0,10_1990,10/1/90,3.8,41.40634019736842,1924.2518063370649
329,1990,1888.129113,27,6,157.34409275,11.0,1990.0,11_1990,11/1/90,3.8,41.40634019736842,1930.4920080518464
330,1990,1888.129113,27,7,157.34409275,12.0,1990.0,12_1990,12/1/90,3.8,41.40634019736842,1936.7322097666279
331,1990,1888.129113,27,8,157.34409275,1.0,1991.0,1_1991,1/1/91,3.8,41.40634019736842,1942.9724114814094
332,1990,1888.129113,27,9,157.34409275,2.0,1991.0,2_1991,2/1/91,3.8,41.40634019736842,1949.212613196191
333,1990,1888.129113,27,10,157.34409275,3.0,1991.0,3_1991,3/1/91,3.8,41.40634019736842,1955.4528149109724
334,1990,1888.129113,27,11,157.34409275,4.0,1991.0,4_1991,4/1/91,4.25,37.02213947058823,1957.3088158989735
335,1990,1888.129113,27,12,157.34409275,5.0,1991.0,5_1991,5/1/91,4.25,37.02213947058823,1959.1648168869747
336,1991,2116.892852,28,1,176.40773766666666,6.0,1991.0,6_1991,6/1/91,4.25,41.50770298039215,1962.4295314842823
337,1991,2116.892852,28,2,176.40773766666666,7.0,1991.0,7_1991,7/1/91,4.25,41.50770298039215,1965.6942460815899
338,1991,2116.892852,28,3,176.40773766666666,8.0,1991.0,8_1991,8/1/91,4.25,41.50770298039215,1968.9589606788975
339,1991,2116.892852,28,4,176.40773766666666,9.0,1991.0,9_1991,9/1/91,4.25,41.50770298039215,1972.223675276205
340,1991,2116.892852,28,5,176.40773766666666,10.0,1991.0,10_1991,10/1/91,4.25,41.50770298039215,1975.4883898735127
341,1991,2116.892852,28,6,176.40773766666666,11.0,1991.0,11_1991,11/1/91,4.25,41.50770298039215,1978.7531044708203
342,1991,2116.892852,28,7,176.40773766666666,12.0,1991.0,12_1991,12/1/91,4.25,41.50770298039215,1982.017819068128
343,1991,2116.892852,28,8,176.40773766666666,1.0,1992.0,1_1992,1/1/92,4.25,41.50770298039215,1985.2825336654355
344,1991,2116.892852,28,9,176.40773766666666,2.0,1992.0,2_1992,2/1/92,4.25,41.50770298039215,1988.547248262743
345,1991,2116.892852,28,10,176.40773766666666,3.0,1992.0,3_1992,3/1/92,4.25,41.50770298039215,1991.8119628600507
346,1991,2116.892852,28,11,176.40773766666666,4.0,1992.0,4_1992,4/1/92,4.25,41.50770298039215,1995.0766774573583
347,1991,2116.892852,28,12,176.40773766666666,5.0,1992.0,5_1992,5/1/92,4.25,41.50770298039215,1998.341392054666
348,1992,2349.108575,29,1,195.75904791666667,6.0,1992.0,6_1992,6/1/92,4.25,46.060952450980395,2003.4523917195768
349,1992,2349.108575,29,2,195.75904791666667,7.0,1992.0,7_1992,7/1/92,4.25,46.060952450980395,2008.5633913844874
350,1992,2349.108575,29,3,195.75904791666667,8.0,1992.0,8_1992,8/1/92,4.25,46.060952450980395,2013.674391049398
351,1992,2349.108575,29,4,195.75904791666667,9.0,1992.0,9_1992,9/1/92,4.25,46.060952450980395,2018.7853907143087
352,1992,2349.108575,29,5,195.75904791666667,10.0,1992.0,10_1992,10/1/92,4.25,46.060952450980395,2023.8963903792194
353,1992,2349.108575,29,6,195.75904791666667,11.0,1992.0,11_1992,11/1/92,4.25,46.060952450980395,2029.00739004413
354,1992,2349.108575,29,7,195.75904791666667,12.0,1992.0,12_1992,12/1/92,4.25,46.060952450980395,2034.1183897090407
355,1992,2349.108575,29,8,195.75904791666667,1.0,1993.0,1_1993,1/1/93,4.25,46.060952450980395,2039.2293893739513
356,1992,2349.108575,29,9,195.75904791666667,2.0,1993.0,2_1993,2/1/93,4.25,46.060952450980395,2044.340389038862
357,1992,2349.108575,29,10,195.75904791666667,3.0,1993.0,3_1993,3/1/93,4.25,46.060952450980395,2049.4513887037724
358,1992,2349.108575,29,11,195.75904791666667,4.0,1993.0,4_1993,4/1/93,4.25,46.060952450980395,2054.562388368683
359,1992,2349.108575,29,12,195.75904791666667,5.0,1993.0,5_1993,5/1/93,4.25,46.060952450980395,2059.6733880335937
360,1993,2536.582308,30,1,211.381859,6.0,1993.0,6_1993,6/1/93,4.25,49.736908,2065.141414615683
361,1993,2536.582308,30,2,211.381859,7.0,1993.0,7_1993,7/1/93,4.25,49.736908,2070.6094411977724
362,1993,2536.582308,30,3,211.381859,8.0,1993.0,8_1993,8/1/93,4.25,49.736908,2076.0774677798618
363,1993,2536.582308,30,4,211.381859,9.0,1993.0,9_1993,9/1/93,4.25,49.736908,2081.545494361951
364,1993,2536.582308,30,5,211.381859,10.0,1993.0,10_1993,10/1/93,4.25,49.736908,2087.0135209440405
365,1993,2536.582308,30,6,211.381859,11.0,1993.0,11_1993,11/1/93,4.25,49.736908,2092.48154752613
366,1993,2536.582308,30,7,211.381859,12.0,1993.0,12_1993,12/1/93,4.25,49.736908,2097.949574108219
367,1993,2536.582308,30,8,211.381859,1.0,1994.0,1_1994,1/1/94,4.25,49.736908,2103.4176006903085
368,1993,2536.582308,30,9,211.381859,2.0,1994.0,2_1994,2/1/94,4.25,49.736908,2108.885627272398
369,1993,2536.582308,30,10,211.381859,3.0,1994.0,3_1994,3/1/94,4.25,49.736908,2114.353653854487
370,1993,2536.582308,30,11,211.381859,4.0,1994.0,4_1994,4/1/94,4.25,49.736908,2125.064047972908
371,1993,2536.582308,30,12,211.381859,5.0,1994.0,5_1994,5/1/94,4.25,49.736908,2135.774442091329
372,1994,2680.7152929999997,31,1,223.3929410833333,6.0,1994.0,6_1994,6/1/94,4.25,52.56304496078431,2146.931146854745
373,1994,2680.7152929999997,31,2,223.3929410833333,7.0,1994.0,7_1994,7/1/94,4.25,52.56304496078431,2158.0878516181606
374,1994,2680.7152929999997,31,3,223.3929410833333,8.0,1994.0,8_1994,8/1/94,4.25,52.56304496078431,2169.2445563815763
375,1994,2680.7152929999997,31,4,223.3929410833333,9.0,1994.0,9_1994,9/1/94,4.25,52.56304496078431,2180.401261144992
376,1994,2680.7152929999997,31,5,223.3929410833333,10.0,1994.0,10_1994,10/1/94,4.25,52.56304496078431,2191.557965908408
377,1994,2680.7152929999997,31,6,223.3929410833333,11.0,1994.0,11_1994,11/1/94,4.25,52.56304496078431,2202.7146706718236
378,1994,2680.7152929999997,31,7,223.3929410833333,12.0,1994.0,12_1994,12/1/94,4.25,52.56304496078431,2213.8713754352393
379,1994,2680.7152929999997,31,8,223.3929410833333,1.0,1995.0,1_1995,1/1/95,4.25,52.56304496078431,2225.028080198655
380,1994,2680.7152929999997,31,9,223.3929410833333,2.0,1995.0,2_1995,2/1/95,4.25,52.56304496078431,2236.184784962071
381,1994,2680.7152929999997,31,10,223.3929410833333,3.0,1995.0,3_1995,3/1/95,4.25,52.56304496078431,2247.3414897254866
382,1994,2680.7152929999997,31,11,223.3929410833333,4.0,1995.0,4_1995,4/1/95,4.25,52.56304496078431,2262.8823952156827
383,1994,2680.7152929999997,31,12,223.3929410833333,5.0,1995.0,5_1995,5/1/95,4.25,52.56304496078431,2278.423300705879
384,1995,2847.579122,32,1,237.29826016666667,6.0,1995.0,6_1995,6/1/95,4.25,55.83488474509804,2292.7504824705848
385,1995,2847.579122,32,2,237.29826016666667,7.0,1995.0,7_1995,7/1/95,4.25,55.83488474509804,2307.0776642352907
386,1995,2847.579122,32,3,237.29826016666667,8.0,1995.0,8_1995,8/1/95,4.25,55.83488474509804,2321.4048459999967
387,1995,2847.579122,32,4,237.29826016666667,9.0,1995.0,9_1995,9/1/95,4.25,55.83488474509804,2335.7320277647027
388,1995,2847.579122,32,5,237.29826016666667,10.0,1995.0,10_1995,10/1/95,4.25,55.83488474509804,2350.0592095294087
389,1995,2847.579122,32,6,237.29826016666667,11.0,1995.0,11_1995,11/1/95,4.25,55.83488474509804,2364.3863912941147
390,1995,2847.579122,32,7,237.29826016666667,12.0,1995.0,12_1995,12/1/95,4.25,55.83488474509804,2378.7135730588207
391,1995,2847.579122,32,8,237.29826016666667,1.0,1996.0,1_1996,1/1/96,4.25,55.83488474509804,2393.0407548235266
392,1995,2847.579122,32,9,237.29826016666667,2.0,1996.0,2_1996,2/1/96,4.25,55.83488474509804,2407.3679365882326
393,1995,2847.579122,32,10,237.29826016666667,3.0,1996.0,3_1996,3/1/96,4.25,55.83488474509804,2421.6951183529386
394,1995,2847.579122,32,11,237.29826016666667,4.0,1996.0,4_1996,4/1/96,4.25,55.83488474509804,2436.0223001176446
395,1995,2847.579122,32,12,237.29826016666667,5.0,1996.0,5_1996,5/1/96,4.25,55.83488474509804,2450.3494818823506
396,1996,2987.221282,33,1,248.93510683333332,6.0,1996.0,6_1996,6/1/96,4.25,58.57296631372549,2462.8614957450955
397,1996,2987.221282,33,2,248.93510683333332,7.0,1996.0,7_1996,7/1/96,4.25,58.57296631372549,2475.3735096078403
398,1996,2987.221282,33,3,248.93510683333332,8.0,1996.0,8_1996,8/1/96,4.25,58.57296631372549,2487.885523470585
399,1996,2987.221282,33,4,248.93510683333332,9.0,1996.0,9_1996,9/1/96,4.25,58.57296631372549,2500.39753733333
400,1996,2987.221282,33,5,248.93510683333332,10.0,1996.0,10_1996,10/1/96,4.75,52.4073909122807,2506.7439757946304
401,1996,2987.221282,33,6,248.93510683333332,11.0,1996.0,11_1996,11/1/96,4.75,52.4073909122807,2513.0904142559307
402,1996,2987.221282,33,7,248.93510683333332,12.0,1996.0,12_1996,12/1/96,4.75,52.4073909122807,2519.436852717231
403,1996,2987.221282,33,8,248.93510683333332,1.0,1997.0,1_1997,1/1/97,4.75,52.4073909122807,2525.7832911785313
404,1996,2987.221282,33,9,248.93510683333332,2.0,1997.0,2_1997,2/1/97,4.75,52.4073909122807,2532.1297296398316
405,1996,2987.221282,33,10,248.93510683333332,3.0,1997.0,3_1997,3/1/97,4.75,52.4073909122807,2538.476168101132
406,1996,2987.221282,33,11,248.93510683333332,4.0,1997.0,4_1997,4/1/97,4.75,52.4073909122807,2544.822606562432
407,1996,2987.221282,33,12,248.93510683333332,5.0,1997.0,5_1997,5/1/97,4.75,52.4073909122807,2551.1690450237325
408,1997,3109.505876,34,1,259.1254896666667,6.0,1997.0,6_1997,6/1/97,4.75,54.55273466666667,2555.9848716903994
409,1997,3109.505876,34,2,259.1254896666667,7.0,1997.0,7_1997,7/1/97,4.75,54.55273466666667,2560.8006983570663
410,1997,3109.505876,34,3,259.1254896666667,8.0,1997.0,8_1997,8/1/97,4.75,54.55273466666667,2565.616525023733
411,1997,3109.505876,34,4,259.1254896666667,9.0,1997.0,9_1997,9/1/97,5.15,50.31562906148867,2566.195246085222
412,1997,3109.505876,34,5,259.1254896666667,10.0,1997.0,10_1997,10/1/97,5.15,50.31562906148867,2566.773967146711
413,1997,3109.505876,34,6,259.1254896666667,11.0,1997.0,11_1997,11/1/97,5.15,50.31562906148867,2567.3526882082
414,1997,3109.505876,34,7,259.1254896666667,12.0,1997.0,12_1997,12/1/97,5.15,50.31562906148867,2567.931409269689
415,1997,3109.505876,34,8,259.1254896666667,1.0,1998.0,1_1998,1/1/98,5.15,50.31562906148867,2568.510130331178
416,1997,3109.505876,34,9,259.1254896666667,2.0,1998.0,2_1998,2/1/98,5.15,50.31562906148867,2569.088851392667
417,1997,3109.505876,34,10,259.1254896666667,3.0,1998.0,3_1998,3/1/98,5.15,50.31562906148867,2569.667572454156
418,1997,3109.505876,34,11,259.1254896666667,4.0,1998.0,4_1998,4/1/98,5.15,50.31562906148867,2570.246293515645
419,1997,3109.505876,34,12,259.1254896666667,5.0,1998.0,5_1998,5/1/98,5.15,50.31562906148867,2570.825014577134
420,1998,3228.716855,35,1,269.0597379166667,6.0,1998.0,6_1998,6/1/98,5.15,52.24460930420712,2570.506578920557
421,1998,3228.716855,35,2,269.0597379166667,7.0,1998.0,7_1998,7/1/98,5.15,52.24460930420712,2570.18814326398
422,1998,3228.716855,35,3,269.0597379166667,8.0,1998.0,8_1998,8/1/98,5.15,52.24460930420712,2569.8697076074027
423,1998,3228.716855,35,4,269.0597379166667,9.0,1998.0,9_1998,9/1/98,5.15,52.24460930420712,2569.5512719508256
424,1998,3228.716855,35,5,269.0597379166667,10.0,1998.0,10_1998,10/1/98,5.15,52.24460930420712,2569.2328362942485
425,1998,3228.716855,35,6,269.0597379166667,11.0,1998.0,11_1998,11/1/98,5.15,52.24460930420712,2568.9144006376714
426,1998,3228.716855,35,7,269.0597379166667,12.0,1998.0,12_1998,12/1/98,5.15,52.24460930420712,2568.5959649810943
427,1998,3228.716855,35,8,269.0597379166667,1.0,1999.0,1_1999,1/1/99,5.15,52.24460930420712,2568.277529324517
428,1998,3228.716855,35,9,269.0597379166667,2.0,1999.0,2_1999,2/1/99,5.15,52.24460930420712,2567.95909366794
429,1998,3228.716855,35,10,269.0597379166667,3.0,1999.0,3_1999,3/1/99,5.15,52.24460930420712,2567.640658011363
430,1998,3228.716855,35,11,269.0597379166667,4.0,1999.0,4_1999,4/1/99,5.15,52.24460930420712,2567.322222354786
431,1998,3228.716855,35,12,269.0597379166667,5.0,1999.0,5_1999,5/1/99,5.15,52.24460930420712,2567.003786698209
432,1999,3348.805705,36,1,279.06714208333335,6.0,1999.0,6_1999,6/1/99,5.15,54.187794579288024,2565.356696532399
433,1999,3348.805705,36,2,279.06714208333335,7.0,1999.0,7_1999,7/1/99,5.15,54.187794579288024,2563.709606366589
434,1999,3348.805705,36,3,279.06714208333335,8.0,1999.0,8_1999,8/1/99,5.15,54.187794579288024,2562.062516200779
435,1999,3348.805705,36,4,279.06714208333335,9.0,1999.0,9_1999,9/1/99,5.15,54.187794579288024,2560.415426034969
436,1999,3348.805705,36,5,279.06714208333335,10.0,1999.0,10_1999,10/1/99,5.15,54.187794579288024,2558.7683358691593
437,1999,3348.805705,36,6,279.06714208333335,11.0,1999.0,11_1999,11/1/99,5.15,54.187794579288024,2557.1212457033494
438,1999,3348.805705,36,7,279.06714208333335,12.0,1999.0,12_1999,12/1/99,5.15,54.187794579288024,2555.4741555375394
439,1999,3348.805705,36,8,279.06714208333335,1.0,2000.0,1_2000,1/1/00,5.15,54.187794579288024,2553.8270653717295
440,1999,3348.805705,36,9,279.06714208333335,2.0,2000.0,2_2000,2/1/00,5.15,54.187794579288024,2552.1799752059196
441,1999,3348.805705,36,10,279.06714208333335,3.0,2000.0,3_2000,3/1/00,5.15,54.187794579288024,2550.5328850401097
442,1999,3348.805705,36,11,279.06714208333335,4.0,2000.0,4_2000,4/1/00,5.15,54.187794579288024,2548.8857948743
443,1999,3348.805705,36,12,279.06714208333335,5.0,2000.0,5_2000,5/1/00,5.15,54.187794579288024,2547.23870470849
444,2000,3500.524982,37,1,291.7104151666667,6.0,2000.0,6_2000,6/1/00,5.15,56.642799061488674,2545.3085374562534
445,2000,3500.524982,37,2,291.7104151666667,7.0,2000.0,7_2000,7/1/00,5.15,56.642799061488674,2543.378370204017
446,2000,3500.524982,37,3,291.7104151666667,8.0,2000.0,8_2000,8/1/00,5.15,56.642799061488674,2541.4482029517803
447,2000,3500.524982,37,4,291.7104151666667,9.0,2000.0,9_2000,9/1/00,5.15,56.642799061488674,2539.518035699544
448,2000,3500.524982,37,5,291.7104151666667,10.0,2000.0,10_2000,10/1/00,5.15,56.642799061488674,2543.753443848752
449,2000,3500.524982,37,6,291.7104151666667,11.0,2000.0,11_2000,11/1/00,5.15,56.642799061488674,2547.98885199796
450,2000,3500.524982,37,7,291.7104151666667,12.0,2000.0,12_2000,12/1/00,5.15,56.642799061488674,2552.224260147168
451,2000,3500.524982,37,8,291.7104151666667,1.0,2001.0,1_2001,1/1/01,5.15,56.642799061488674,2556.459668296376
452,2000,3500.524982,37,9,291.7104151666667,2.0,2001.0,2_2001,2/1/01,5.15,56.642799061488674,2560.695076445584
453,2000,3500.524982,37,10,291.7104151666667,3.0,2001.0,3_2001,3/1/01,5.15,56.642799061488674,2564.9304845947922
454,2000,3500.524982,37,11,291.7104151666667,4.0,2001.0,4_2001,4/1/01,5.15,56.642799061488674,2569.1658927440003
455,2000,3500.524982,37,12,291.7104151666667,5.0,2001.0,5_2001,5/1/01,5.15,56.642799061488674,2573.4013008932084
456,2001,3735.205656,38,1,311.267138,6.0,2001.0,6_2001,6/1/01,5.15,60.44022097087378,2579.2887871974153
457,2001,3735.205656,38,2,311.267138,7.0,2001.0,7_2001,7/1/01,5.15,60.44022097087378,2585.1762735016223
458,2001,3735.205656,38,3,311.267138,8.0,2001.0,8_2001,8/1/01,5.15,60.44022097087378,2591.0637598058292
459,2001,3735.205656,38,4,311.267138,9.0,2001.0,9_2001,9/1/01,5.15,60.44022097087378,2601.188351715214
460,2001,3735.205656,38,5,311.267138,10.0,2001.0,10_2001,10/1/01,5.15,60.44022097087378,2611.312943624599
461,2001,3735.205656,38,6,311.267138,11.0,2001.0,11_2001,11/1/01,5.15,60.44022097087378,2621.437535533984
462,2001,3735.205656,38,7,311.267138,12.0,2001.0,12_2001,12/1/01,5.15,60.44022097087378,2631.562127443369
463,2001,3735.205656,38,8,311.267138,1.0,2002.0,1_2002,1/1/02,5.15,60.44022097087378,2641.6867193527537
464,2001,3735.205656,38,9,311.267138,2.0,2002.0,2_2002,2/1/02,5.15,60.44022097087378,2651.8113112621386
465,2001,3735.205656,38,10,311.267138,3.0,2002.0,3_2002,3/1/02,5.15,60.44022097087378,2661.9359031715235
466,2001,3735.205656,38,11,311.267138,4.0,2002.0,4_2002,4/1/02,5.15,60.44022097087378,2672.0604950809084
467,2001,3735.205656,38,12,311.267138,5.0,2002.0,5_2002,5/1/02,5.15,60.44022097087378,2682.1850869902933
468,2002,4046.173101,39,1,337.18109175,6.0,2002.0,6_2002,6/1/02,5.15,65.47205665048543,2695.4125343365713
469,2002,4046.173101,39,2,337.18109175,7.0,2002.0,7_2002,7/1/02,5.15,65.47205665048543,2708.6399816828493
470,2002,4046.173101,39,3,337.18109175,8.0,2002.0,8_2002,8/1/02,5.15,65.47205665048543,2721.8674290291274
471,2002,4046.173101,39,4,337.18109175,9.0,2002.0,9_2002,9/1/02,5.15,65.47205665048543,2735.0948763754054
472,2002,4046.173101,39,5,337.18109175,10.0,2002.0,10_2002,10/1/02,5.15,65.47205665048543,2748.3223237216835
473,2002,4046.173101,39,6,337.18109175,11.0,2002.0,11_2002,11/1/02,5.15,65.47205665048543,2761.5497710679615
474,2002,4046.173101,39,7,337.18109175,12.0,2002.0,12_2002,12/1/02,5.15,65.47205665048543,2774.7772184142395
475,2002,4046.173101,39,8,337.18109175,1.0,2003.0,1_2003,1/1/03,5.15,65.47205665048543,2788.0046657605176
476,2002,4046.173101,39,9,337.18109175,2.0,2003.0,2_2003,2/1/03,5.15,65.47205665048543,2801.2321131067956
477,2002,4046.173101,39,10,337.18109175,3.0,2003.0,3_2003,3/1/03,5.15,65.47205665048543,2814.4595604530737
478,2002,4046.173101,39,11,337.18109175,4.0,2003.0,4_2003,4/1/03,5.15,65.47205665048543,2827.6870077993517
479,2002,4046.173101,39,12,337.18109175,5.0,2003.0,5_2003,5/1/03,5.15,65.47205665048543,2840.9144551456297
480,2003,4586.540638,40,1,382.21171983333335,6.0,2003.0,6_2003,6/1/03,5.15,74.21586792880258,2860.9425284951444
481,2003,4586.540638,40,2,382.21171983333335,7.0,2003.0,7_2003,7/1/03,5.15,74.21586792880258,2880.970601844659
482,2003,4586.540638,40,3,382.21171983333335,8.0,2003.0,8_2003,8/1/03,5.15,74.21586792880258,2900.9986751941738
483,2003,4586.540638,40,4,382.21171983333335,9.0,2003.0,9_2003,9/1/03,5.15,74.21586792880258,2921.0267485436884
484,2003,4586.540638,40,5,382.21171983333335,10.0,2003.0,10_2003,10/1/03,5.15,74.21586792880258,2941.054821893203
485,2003,4586.540638,40,6,382.21171983333335,11.0,2003.0,11_2003,11/1/03,5.15,74.21586792880258,2961.0828952427178
486,2003,4586.540638,40,7,382.21171983333335,12.0,2003.0,12_2003,12/1/03,5.15,74.21586792880258,2981.1109685922324
487,2003,4586.540638,40,8,382.21171983333335,1.0,2004.0,1_2004,1/1/04,5.15,74.21586792880258,3001.139041941747
488,2003,4586.540638,40,9,382.21171983333335,2.0,2004.0,2_2004,2/1/04,5.15,74.21586792880258,3021.167115291262
489,2003,4586.540638,40,10,382.21171983333335,3.0,2004.0,3_2004,3/1/04,5.15,74.21586792880258,3041.1951886407765
490,2003,4586.540638,40,11,382.21171983333335,4.0,2004.0,4_2004,4/1/04,5.15,74.21586792880258,3061.223261990291
491,2003,4586.540638,40,12,382.21171983333335,5.0,2004.0,5_2004,5/1/04,5.15,74.21586792880258,3081.251335339806
492,2004,5026.550249,41,1,418.87918741666664,6.0,2004.0,6_2004,6/1/04,5.15,81.33576454692556,3105.9443008252424
493,2004,5026.550249,41,2,418.87918741666664,7.0,2004.0,7_2004,7/1/04,5.15,81.33576454692556,3130.637266310679
494,2004,5026.550249,41,3,418.87918741666664,8.0,2004.0,8_2004,8/1/04,5.15,81.33576454692556,3155.3302317961156
495,2004,5026.550249,41,4,418.87918741666664,9.0,2004.0,9_2004,9/1/04,5.15,81.33576454692556,3180.0231972815523
496,2004,5026.550249,41,5,418.87918741666664,10.0,2004.0,10_2004,10/1/04,5.15,81.33576454692556,3204.716162766989
497,2004,5026.550249,41,6,418.87918741666664,11.0,2004.0,11_2004,11/1/04,5.15,81.33576454692556,3229.4091282524255
498,2004,5026.550249,41,7,418.87918741666664,12.0,2004.0,12_2004,12/1/04,5.15,81.33576454692556,3254.102093737862
499,2004,5026.550249,41,8,418.87918741666664,1.0,2005.0,1_2005,1/1/05,5.15,81.33576454692556,3278.7950592232987
500,2004,5026.550249,41,9,418.87918741666664,2.0,2005.0,2_2005,2/1/05,5.15,81.33576454692556,3303.4880247087353
501,2004,5026.550249,41,10,418.87918741666664,3.0,2005.0,3_2005,3/1/05,5.15,81.33576454692556,3328.180990194172
502,2004,5026.550249,41,11,418.87918741666664,4.0,2005.0,4_2005,4/1/05,5.15,81.33576454692556,3352.8739556796086
503,2004,5026.550249,41,12,418.87918741666664,5.0,2005.0,5_2005,5/1/05,5.15,81.33576454692556,3377.566921165045
504,2005,5350.929386,42,1,445.91078216666665,6.0,2005.0,6_2005,6/1/05,5.15,86.58461789644012,3403.7113180906117
505,2005,5350.929386,42,2,445.91078216666665,7.0,2005.0,7_2005,7/1/05,5.15,86.58461789644012,3429.8557150161782
506,2005,5350.929386,42,3,445.91078216666665,8.0,2005.0,8_2005,8/1/05,5.15,86.58461789644012,3456.0001119417448
507,2005,5350.929386,42,4,445.91078216666665,9.0,2005.0,9_2005,9/1/05,5.15,86.58461789644012,3482.1445088673113
508,2005,5350.929386,42,5,445.91078216666665,10.0,2005.0,10_2005,10/1/05,5.15,86.58461789644012,3508.288905792878
509,2005,5350.929386,42,6,445.91078216666665,11.0,2005.0,11_2005,11/1/05,5.15,86.58461789644012,3534.4333027184443
510,2005,5350.929386,42,7,445.91078216666665,12.0,2005.0,12_2005,12/1/05,5.15,86.58461789644012,3560.577699644011
511,2005,5350.929386,42,8,445.91078216666665,1.0,2006.0,1_2006,1/1/06,5.15,86.58461789644012,3586.7220965695774
512,2005,5350.929386,42,9,445.91078216666665,2.0,2006.0,2_2006,2/1/06,5.15,86.58461789644012,3612.866493495144
513,2005,5350.929386,42,10,445.91078216666665,3.0,2006.0,3_2006,3/1/06,5.15,86.58461789644012,3639.0108904207104
514,2005,5350.929386,42,11,445.91078216666665,4.0,2006.0,4_2006,4/1/06,5.15,86.58461789644012,3665.155287346277
515,2005,5350.929386,42,12,445.91078216666665,5.0,2006.0,5_2006,5/1/06,5.15,86.58461789644012,3691.2996842718435
516,2006,5666.2322619999995,43,1,472.1860218333333,6.0,2006.0,6_2006,6/1/06,5.15,91.68660618122976,3717.514233802588
517,2006,5666.2322619999995,43,2,472.1860218333333,7.0,2006.0,7_2006,7/1/06,5.15,91.68660618122976,3743.7287833333326
518,2006,5666.2322619999995,43,3,472.1860218333333,8.0,2006.0,8_2006,8/1/06,5.15,91.68660618122976,3769.943332864077
519,2006,5666.2322619999995,43,4,472.1860218333333,9.0,2006.0,9_2006,9/1/06,5.15,91.68660618122976,3796.1578823948216
520,2006,5666.2322619999995,43,5,472.1860218333333,10.0,2006.0,10_2006,10/1/06,5.15,91.68660618122976,3822.372431925566
521,2006,5666.2322619999995,43,6,472.1860218333333,11.0,2006.0,11_2006,11/1/06,5.15,91.68660618122976,3848.5869814563107
522,2006,5666.2322619999995,43,7,472.1860218333333,12.0,2006.0,12_2006,12/1/06,5.15,91.68660618122976,3874.8015309870552
523,2006,5666.2322619999995,43,8,472.1860218333333,1.0,2007.0,1_2007,1/1/07,5.15,91.68660618122976,3901.0160805177998
524,2006,5666.2322619999995,43,9,472.1860218333333,2.0,2007.0,2_2007,2/1/07,5.15,91.68660618122976,3927.2306300485443
525,2006,5666.2322619999995,43,10,472.1860218333333,3.0,2007.0,3_2007,3/1/07,5.15,91.68660618122976,3953.445179579289
526,2006,5666.2322619999995,43,11,472.1860218333333,4.0,2007.0,4_2007,4/1/07,5.15,91.68660618122976,3979.6597291100334
527,2006,5666.2322619999995,43,12,472.1860218333333,5.0,2007.0,5_2007,5/1/07,5.15,91.68660618122976,4005.874278640778
528,2007,5943.115877,44,1,495.2596564166667,6.0,2007.0,6_2007,6/1/07,5.15,96.16692357605179,4027.8253342880266
529,2007,5943.115877,44,2,495.2596564166667,7.0,2007.0,7_2007,7/1/07,5.85,84.65977032763534,4038.269236686859
530,2007,5943.115877,44,3,495.2596564166667,8.0,2007.0,8_2007,8/1/07,5.85,84.65977032763534,4048.7131390856916
531,2007,5943.115877,44,4,495.2596564166667,9.0,2007.0,9_2007,9/1/07,5.85,84.65977032763534,4059.157041484524
532,2007,5943.115877,44,5,495.2596564166667,10.0,2007.0,10_2007,10/1/07,5.85,84.65977032763534,4069.6009438833566
533,2007,5943.115877,44,6,495.2596564166667,11.0,2007.0,11_2007,11/1/07,5.85,84.65977032763534,4080.044846282189
534,2007,5943.115877,44,7,495.2596564166667,12.0,2007.0,12_2007,12/1/07,5.85,84.65977032763534,4090.4887486810217
535,2007,5943.115877,44,8,495.2596564166667,1.0,2008.0,1_2008,1/1/08,5.85,84.65977032763534,4100.932651079855
536,2007,5943.115877,44,9,495.2596564166667,2.0,2008.0,2_2008,2/1/08,5.85,84.65977032763534,4111.376553478688
537,2007,5943.115877,44,10,495.2596564166667,3.0,2008.0,3_2008,3/1/08,5.85,84.65977032763534,4121.820455877521
538,2007,5943.115877,44,11,495.2596564166667,4.0,2008.0,4_2008,4/1/08,5.85,84.65977032763534,4132.264358276355
539,2007,5943.115877,44,12,495.2596564166667,5.0,2008.0,5_2008,5/1/08,5.85,84.65977032763534,4142.708260675188
540,2008,6311.8549490000005,45,1,525.9879124166667,6.0,2008.0,6_2008,6/1/08,5.85,89.91246366096868,4151.284959789231
541,2008,6311.8549490000005,45,2,525.9879124166667,7.0,2008.0,7_2008,7/1/08,6.55,80.30349807888042,4150.252693321186
542,2008,6311.8549490000005,45,3,525.9879124166667,8.0,2008.0,8_2008,8/1/08,6.55,80.30349807888042,4149.22042685314
543,2008,6311.8549490000005,45,4,525.9879124166667,9.0,2008.0,9_2008,9/1/08,6.55,80.30349807888042,4148.188160385095
544,2008,6311.8549490000005,45,5,525.9879124166667,10.0,2008.0,10_2008,10/1/08,6.55,80.30349807888042,4147.15589391705
545,2008,6311.8549490000005,45,6,525.9879124166667,11.0,2008.0,11_2008,11/1/08,6.55,80.30349807888042,4146.123627449005
546,2008,6311.8549490000005,45,7,525.9879124166667,12.0,2008.0,12_2008,12/1/08,6.55,80.30349807888042,4145.0913609809595
547,2008,6311.8549490000005,45,8,525.9879124166667,1.0,2009.0,1_2009,1/1/09,6.55,80.30349807888042,4144.059094512914
548,2008,6311.8549490000005,45,9,525.9879124166667,2.0,2009.0,2_2009,2/1/09,6.55,80.30349807888042,4143.026828044869
549,2008,6311.8549490000005,45,10,525.9879124166667,3.0,2009.0,3_2009,3/1/09,6.55,80.30349807888042,4141.994561576824
550,2008,6311.8549490000005,45,11,525.9879124166667,4.0,2009.0,4_2009,4/1/09,6.55,80.30349807888042,4140.962295108779
551,2008,6311.8549490000005,45,12,525.9879124166667,5.0,2009.0,5_2009,5/1/09,6.55,80.30349807888042,4139.930028640733
552,2009,6716.599169,46,1,559.7165974166667,6.0,2009.0,6_2009,6/1/09,6.55,85.45291563613232,4138.798326380425
553,2009,6716.599169,46,2,559.7165974166667,7.0,2009.0,7_2009,7/1/09,7.25,77.20228929885057,4129.415997782836
554,2009,6716.599169,46,3,559.7165974166667,8.0,2009.0,8_2009,8/1/09,7.25,77.20228929885057,4120.033669185246
555,2009,6716.599169,46,4,559.7165974166667,9.0,2009.0,9_2009,9/1/09,7.25,77.20228929885057,4110.651340587657
556,2009,6716.599169,46,5,559.7165974166667,10.0,2009.0,10_2009,10/1/09,7.25,77.20228929885057,4101.269011990067
557,2009,6716.599169,46,6,559.7165974166667,11.0,2009.0,11_2009,11/1/09,7.25,77.20228929885057,4091.8866833924776
558,2009,6716.599169,46,7,559.7165974166667,12.0,2009.0,12_2009,12/1/09,7.25,77.20228929885057,4082.504354794888
559,2009,6716.599169,46,8,559.7165974166667,1.0,2010.0,1_2010,1/1/10,7.25,77.20228929885057,4073.1220261972985
560,2009,6716.599169,46,9,559.7165974166667,2.0,2010.0,2_2010,2/1/10,7.25,77.20228929885057,4063.739697599709
561,2009,6716.599169,46,10,559.7165974166667,3.0,2010.0,3_2010,3/1/10,7.25,77.20228929885057,4054.3573690021194
562,2009,6716.599169,46,11,559.7165974166667,4.0,2010.0,4_2010,4/1/10,7.25,77.20228929885057,4044.97504040453
563,2009,6716.599169,46,12,559.7165974166667,5.0,2010.0,5_2010,5/1/10,7.25,77.20228929885057,4035.5927118069403
564,2010,7131.8465670000005,47,1,594.32054725,6.0,2010.0,6_2010,6/1/10,7.25,81.97524789655172,4025.8813535222625
565,2010,7131.8465670000005,47,2,594.32054725,7.0,2010.0,7_2010,7/1/10,7.25,81.97524789655172,4016.1699952375848
566,2010,7131.8465670000005,47,3,594.32054725,8.0,2010.0,8_2010,8/1/10,7.25,81.97524789655172,4006.458636952907
567,2010,7131.8465670000005,47,4,594.32054725,9.0,2010.0,9_2010,9/1/10,7.25,81.97524789655172,3996.747278668229
568,2010,7131.8465670000005,47,5,594.32054725,10.0,2010.0,10_2010,10/1/10,7.25,81.97524789655172,3987.0359203835505
569,2010,7131.8465670000005,47,6,594.32054725,11.0,2010.0,11_2010,11/1/10,7.25,81.97524789655172,3977.3245620988723
570,2010,7131.8465670000005,47,7,594.32054725,12.0,2010.0,12_2010,12/1/10,7.25,81.97524789655172,3967.613203814194
571,2010,7131.8465670000005,47,8,594.32054725,1.0,2011.0,1_2011,1/1/11,7.25,81.97524789655172,3957.901845529516
572,2010,7131.8465670000005,47,9,594.32054725,2.0,2011.0,2_2011,2/1/11,7.25,81.97524789655172,3948.1904872448376
573,2010,7131.8465670000005,47,10,594.32054725,3.0,2011.0,3_2011,3/1/11,7.25,81.97524789655172,3938.4791289601594
574,2010,7131.8465670000005,47,11,594.32054725,4.0,2011.0,4_2011,4/1/11,7.25,81.97524789655172,3928.767770675481
575,2010,7131.8465670000005,47,12,594.32054725,5.0,2011.0,5_2011,5/1/11,7.25,81.97524789655172,3919.056412390803
576,2011,7713.410494,48,1,642.7842078333333,6.0,2011.0,6_2011,6/1/11,7.25,88.65989073563217,3911.549379550383
577,2011,7713.410494,48,2,642.7842078333333,7.0,2011.0,7_2011,7/1/11,7.25,88.65989073563217,3915.54949995838
578,2011,7713.410494,48,3,642.7842078333333,8.0,2011.0,8_2011,8/1/11,7.25,88.65989073563217,3919.5496203663765
579,2011,7713.410494,48,4,642.7842078333333,9.0,2011.0,9_2011,9/1/11,7.25,88.65989073563217,3923.5497407743733
580,2011,7713.410494,48,5,642.7842078333333,10.0,2011.0,10_2011,10/1/11,7.25,88.65989073563217,3927.54986118237
581,2011,7713.410494,48,6,642.7842078333333,11.0,2011.0,11_2011,11/1/11,7.25,88.65989073563217,3931.5499815903668
582,2011,7713.410494,48,7,642.7842078333333,12.0,2011.0,12_2011,12/1/11,7.25,88.65989073563217,3935.5501019983635
583,2011,7713.410494,48,8,642.7842078333333,1.0,2012.0,1_2012,1/1/12,7.25,88.65989073563217,3939.5502224063603
584,2011,7713.410494,48,9,642.7842078333333,2.0,2012.0,2_2012,2/1/12,7.25,88.65989073563217,3943.550342814357
585,2011,7713.410494,48,10,642.7842078333333,3.0,2012.0,3_2012,3/1/12,7.25,88.65989073563217,3947.5504632223538
586,2011,7713.410494,48,11,642.7842078333333,4.0,2012.0,4_2012,4/1/12,7.25,88.65989073563217,3951.5505836303505
587,2011,7713.410494,48,12,642.7842078333333,5.0,2012.0,5_2012,5/1/12,7.25,88.65989073563217,3955.5507040383472
588,2012,8070.190026,49,1,672.5158355,6.0,2012.0,6_2012,6/1/12,7.25,92.76080489655172,3958.3990452739304
589,2012,8070.190026,49,2,672.5158355,7.0,2012.0,7_2012,7/1/12,7.25,92.76080489655172,3970.856352091602
590,2012,8070.190026,49,3,672.5158355,8.0,2012.0,8_2012,8/1/12,7.25,92.76080489655172,3983.3136589092733
591,2012,8070.190026,49,4,672.5158355,9.0,2012.0,9_2012,9/1/12,7.25,92.76080489655172,3995.7709657269447
592,2012,8070.190026,49,5,672.5158355,10.0,2012.0,10_2012,10/1/12,7.25,92.76080489655172,4008.228272544616
593,2012,8070.190026,49,6,672.5158355,11.0,2012.0,11_2012,11/1/12,7.25,92.76080489655172,4020.6855793622876
594,2012,8070.190026,49,7,672.5158355,12.0,2012.0,12_2012,12/1/12,7.25,92.76080489655172,4033.142886179959
595,2012,8070.190026,49,8,672.5158355,1.0,2013.0,1_2013,1/1/13,7.25,92.76080489655172,4045.6001929976305
596,2012,8070.190026,49,9,672.5158355,2.0,2013.0,2_2013,2/1/13,7.25,92.76080489655172,4058.057499815302
597,2012,8070.190026,49,10,672.5158355,3.0,2013.0,3_2013,3/1/13,7.25,92.76080489655172,4070.5148066329734
598,2012,8070.190026,49,11,672.5158355,4.0,2013.0,4_2013,4/1/13,7.25,92.76080489655172,4082.972113450645
599,2012,8070.190026,49,12,672.5158355,5.0,2013.0,5_2013,5/1/13,7.25,92.76080489655172,4095.4294202683163
600,2013,8311.861658,50,1,692.6551381666667,6.0,2013.0,6_2013,6/1/13,7.25,95.53863974712644,4105.51514437931
601,2013,8311.861658,50,2,692.6551381666667,7.0,2013.0,7_2013,7/1/13,7.25,95.53863974712644,4123.851494827586
602,2013,8311.861658,50,3,692.6551381666667,8.0,2013.0,8_2013,8/1/13,7.25,95.53863974712644,4142.187845275862
603,2013,8311.861658,50,4,692.6551381666667,9.0,2013.0,9_2013,9/1/13,7.25,95.53863974712644,4160.524195724138
604,2013,8311.861658,50,5,692.6551381666667,10.0,2013.0,10_2013,10/1/13,7.25,95.53863974712644,4178.860546172414
605,2013,8311.861658,50,6,692.6551381666667,11.0,2013.0,11_2013,11/1/13,7.25,95.53863974712644,4197.19689662069
606,2013,8311.861658,50,7,692.6551381666667,12.0,2013.0,12_2013,12/1/13,7.25,95.53863974712644,4215.5332470689655
607,2013,8311.861658,50,8,692.6551381666667,1.0,2014.0,1_2014,1/1/14,7.25,95.53863974712644,4233.869597517241
608,2013,8311.861658,50,9,692.6551381666667,2.0,2014.0,2_2014,2/1/14,7.25,95.53863974712644,4252.205947965517
609,2013,8311.861658,50,10,692.6551381666667,3.0,2014.0,3_2014,3/1/14,7.25,95.53863974712644,4270.542298413793
610,2013,8311.861658,50,11,692.6551381666667,4.0,2014.0,4_2014,4/1/14,7.25,95.53863974712644,4288.878648862069
611,2013,8311.861658,50,12,692.6551381666667,5.0,2014.0,5_2014,5/1/14,7.25,95.53863974712644,4307.214999310345
612,2014,8543.332523000001,51,1,711.9443769166668,6.0,2014.0,6_2014,6/1/14,7.25,98.19922440229887,4323.438975816091
613,2014,8543.332523000001,51,2,711.9443769166668,7.0,2014.0,7_2014,7/1/14,7.25,98.19922440229887,4339.662952321838
614,2014,8543.332523000001,51,3,711.9443769166668,8.0,2014.0,8_2014,8/1/14,7.25,98.19922440229887,4355.886928827585
615,2014,8543.332523000001,51,4,711.9443769166668,9.0,2014.0,9_2014,9/1/14,7.25,98.19922440229887,4372.110905333331
616,2014,8543.332523000001,51,5,711.9443769166668,10.0,2014.0,10_2014,10/1/14,7.25,98.19922440229887,4388.334881839078
617,2014,8543.332523000001,51,6,711.9443769166668,11.0,2014.0,11_2014,11/1/14,7.25,98.19922440229887,4404.558858344824
618,2014,8543.332523000001,51,7,711.9443769166668,12.0,2014.0,12_2014,12/1/14,7.25,98.19922440229887,4420.782834850571
619,2014,8543.332523000001,51,8,711.9443769166668,1.0,2015.0,1_2015,1/1/15,7.25,98.19922440229887,4437.0068113563175
620,2014,8543.332523000001,51,9,711.9443769166668,2.0,2015.0,2_2015,2/1/15,7.25,98.19922440229887,4453.230787862064
621,2014,8543.332523000001,51,10,711.9443769166668,3.0,2015.0,3_2015,3/1/15,7.25,98.19922440229887,4469.454764367811
622,2014,8543.332523000001,51,11,711.9443769166668,4.0,2015.0,4_2015,4/1/15,7.25,98.19922440229887,4485.678740873557
623,2014,8543.332523000001,51,12,711.9443769166668,5.0,2015.0,5_2015,5/1/15,7.25,98.19922440229887,4501.902717379304
624,2015,8777.84583,52,1,731.4871525,6.0,2015.0,6_2015,6/1/15,7.25,100.89477965517241,4514.137606298844
625,2015,8777.84583,52,2,731.4871525,7.0,2015.0,7_2015,7/1/15,7.25,100.89477965517241,4526.372495218384
626,2015,8777.84583,52,3,731.4871525,8.0,2015.0,8_2015,8/1/15,7.25,100.89477965517241,4538.607384137924
627,2015,8777.84583,52,4,731.4871525,9.0,2015.0,9_2015,9/1/15,7.25,100.89477965517241,4550.842273057464
628,2015,8777.84583,52,5,731.4871525,10.0,2015.0,10_2015,10/1/15,7.25,100.89477965517241,4563.077161977004
629,2015,8777.84583,52,6,731.4871525,11.0,2015.0,11_2015,11/1/15,7.25,100.89477965517241,4575.312050896544
630,2015,8777.84583,52,7,731.4871525,12.0,2015.0,12_2015,12/1/15,7.25,100.89477965517241,4587.546939816084
